metric,no_feedback_judgement,no_feedback_evidence,no_feedback_considerations,no_feedback_overall,with_feedback_judgement,with_feedback_evidence,with_feedback_considerations,with_feedback_overall
Cosine Similarity,0.8527649243672689,0.8183488845825195,0.8518113891283671,0.8409750660260519,0.8819567362467448,0.9495989878972372,0.874390165011088,0.90198196305169
BERTScore F1,0.7020101745923361,0.6245917081832886,0.6422789494196574,0.6562936107317606,0.7274107138315836,0.8929523030916849,0.6571454207102457,0.7591694792111715
