id,cos_judgement_nf,cos_evidence_nf,cos_considerations_nf,cos_overall_nf,cos_judgement_fb,cos_evidence_fb,cos_considerations_fb,cos_overall_fb,bert_judgement_nf,bert_evidence_nf,bert_considerations_nf,bert_overall_nf,bert_judgement_fb,bert_evidence_fb,bert_considerations_fb,bert_overall_fb
0,0.8595067858695984,0.8312269449234009,0.7898247241973877,0.826852818330129,0.8736340403556824,0.9441961050033569,0.8276098370552063,0.8818133274714152,0.6727967858314514,0.608104944229126,0.5516805052757263,0.6108607451121012,0.7153350114822388,0.9327777624130249,0.56771320104599,0.7386086583137512
1,0.8657457232475281,0.7791411876678467,0.8687500953674316,0.8378790020942688,0.8802950382232666,0.9046007394790649,0.9101330637931824,0.8983429471651713,0.750785768032074,0.5802852511405945,0.654953122138977,0.6620080471038818,0.684268057346344,0.74607914686203,0.692631185054779,0.7076594630877177
2,0.8330422639846802,0.844678521156311,0.896859347820282,0.8581933776537577,0.8919411301612854,1.0000001192092896,0.8854275941848755,0.9257896145184835,0.6824479699134827,0.6853849291801453,0.7202032208442688,0.696012039979299,0.7826290726661682,1.0,0.7110918760299683,0.8312403162320455
